A0_V0.2_V0.1;France;;;;;;;;;;;;;;;;;;;;;;;;;;;;;;;;;;;;;;;;;;;;;;;;;;;;;;;;;;;;;;;;;;;;;;;;;;;;;;;;;;;;
;;;;;;;;;;;;;;;;;;;;;;;;;;;;;;;;;;;;;;;;;;;;;;;;;;;;;;;;;;;;;;;;;;;;;;;;;;;;;;;;;;;;;
;;;;;;;;;;;;;;;;;;;;;;;;;;;;;;;;;;;;;;;;;;;;;;;;;;;;;Mt CO2e;Mt CO2e;Mt CO2e;Mt CO2e;Mt CO2e;Mt CO2e;Mt CO2e;Mt CO2e;Mt CO2e;Mt CO2e;Mt CO2e;Mt CO2e;Mt CO2e;Mt CO2e;Mt CO2e;Mt CO2e;Mt CO2e;Mt CO2e;Mt CO2e;Mt CO2e;Mt CO2e;Mt CO2e;Mt CO2e;Mt CO2e;Mt CO2e;Mt CO2e;Mt CO2e;Mt CO2e;Mt CO2e;Mt CO2e;Mt CO2e;Mt CO2e;Mt CO2e
Source;Lien;Niveau;Niv 1;Niv 1 id;Niv 2;Niv 2 id;Niv 3;Niv 3 id;Niv 4;Niv 4 id;Niv 5;Niv 5 id;Niv 6;Niv 6 id;Niv 7;Niv 7 id;Niv 8;Niv 8 id;Niv 9;Niv 9 id;Niv 10;Niv 10 id;Niv 11;Niv 11 id;;Niv 1 geo;Niv 1 geo id;Niv 2 geo;Niv 2 geo id;Niv 3 geo;Niv 3 geo id;Niv 4 geo;Niv 4 geo id;Niv 5 geo;Niv 5 geo id;Niv 6 geo;Niv 6 geo id;Niv 7 geo;Niv 7 geo id;Niv 8 geo;Niv 8 geo id;Niv 9 geo;Niv 9 geo id;Niv 10 geo;Niv 10 geo id;Niv 11 geo;Niv 11 geo id;Niv 12 geo;Niv 12 geo id;Niv 13 geo;Niv 13 geo id;ata / ventil;1990;1991;1992;1993;1994;1995;1996;1997;1998;1999;2000;2001;2002;2003;2004;2005;2006;2007;2008;2009;2010;2011;2012;2013;2014;2015;2016;2017;2018;2019;2020;2021;2022 (e)
CITEPA;https://www.citepa.org/fr/secten/;;Emissions GES;V0;;;;;;;;;;;;;;;;;;;;;;France;G0;;;;;;;;;;;;;;;;;;;;;;;;;;522,2;548;540,5;515,2;509;511,7;522,7;513,4;525,1;515,5;526;517,7;501,4;501;498,6;499,7;489;481,2;476,4;465,1;466,1;439,2;436,7;437,6;409,9;417,5;426,2;438,4;420,7;412,8;370,7;397,7;386,9
;;;;;;;;;;;;;;;;;;;;;;;;;;France;G0;;;;;;;;;;;;;;;;;;;;;;;;;;;;;;;;;;;;;;;;;;;;;;;;;;;;;;;;;;
CITEPA;https://www.citepa.org/fr/secten/;;Emissions GES;V0;par gaz à effet de serre;V0.1;;;;;;;;;;;;;;;;;;;;France;G0;;;;;;;;;;;;;;;;;;;;;;;;;V;;;;;;;;;;;;;;;;;;;;;;;;;;;;;;;;;
;;;;;;;;;;;;;;;;;;;;;;;;;;France;G0;;;;;;;;;;;;;;;;;;;;;;;;;;;;;;;;;;;;;;;;;;;;;;;;;;;;;;;;;;
CITEPA;https://www.citepa.org/fr/secten/;;Emissions GES;V0;par gaz à effet de serre;V0.1;CO2;V0.1.1;;;;;;;;;;;;;;;;;;France;G0;;;;;;;;;;;;;;;;;;;;;;;;;;377,8;402,5;395;372,1;364,8;366,8;377;368,8;385,6;380,1;390,9;382,4;368,1;369,6;369,4;371,9;362,2;354,5;348,6;340,5;343,5;319,3;317,3;320,5;293,4;302,1;311,8;324,2;310,4;305,4;267,2;297,2;288,1
CITEPA;https://www.citepa.org/fr/secten/;;Emissions GES;V0;par gaz à effet de serre;V0.1;Méthane;V0.1.2;;;;;;;;;;;;;;;;;;France;G0;;;;;;;;;;;;;;;;;;;;;;;;;;79,9;80,4;80,5;81;83,6;84,4;82,9;81;81;80,7;81,3;81,4;79,5;78,5;77,1;76,2;75,4;75,3;75,8;74,4;74,4;71,7;70,9;69,3;68,1;67,4;67,4;66,7;65,6;65,6;64,3;62,7;62,3
CITEPA;https://www.citepa.org/fr/secten/;;Emissions GES;V0;par gaz à effet de serre;V0.1;Protoxyde d'azote;V0.1.3;;;;;;;;;;;;;;;;;;France;G0;;;;;;;;;;;;;;;;;;;;;;;;;;53,4;53,6;54,1;53;52,5;53,6;54,9;54,8;48,8;43,4;42,5;42,1;39,8;38,1;36,7;36,4;35;34,6;34,5;33;30,3;29,7;29,7;29,2;30,2;29,9;29,2;30,3;29,1;28,2;27;27;26,9
CITEPA;https://www.citepa.org/fr/secten/;;Emissions GES;V0;par gaz à effet de serre;V0.1;HFC;V0.1.4;;;;;;;;;;;;;;;;;;France;G0;;;;;;;;;;;;;;;;;;;;;;;;;;4,2;4,9;4,1;2,4;1,5;1,6;2,8;3,6;4;5,1;6,3;7,5;8,6;9,9;11,3;12,3;13,7;14,5;15,6;15,6;16,4;17;17,3;17,2;17,1;16,9;16,6;16;14,5;12,6;11,2;9,9;8,5
CITEPA;https://www.citepa.org/fr/secten/;;Emissions GES;V0;par gaz à effet de serre;V0.1;SF6;V0.1.5;;;;;;;;;;;;;;;;;;France;G0;;;;;;;;;;;;;;;;;;;;;;;;;;2,2;2,3;2,3;2,4;2,5;2,5;2,6;2,6;2,7;2,4;2,2;1,9;1,6;1,6;1,7;1,4;1,3;1,2;1,2;1;1;0,8;0,8;0,7;0,6;0,6;0,7;0,6;0,6;0,5;0,5;0,5;0,5
CITEPA;https://www.citepa.org/fr/secten/;;Emissions GES;V0;par gaz à effet de serre;V0.1;PFC;V0.1.6;;;;;;;;;;;;;;;;;;France;G0;;;;;;;;;;;;;;;;;;;;;;;;;;4,7;4,3;4,4;4,4;3,9;2,8;2,5;2,6;3,1;3,8;2,7;2,4;3,8;3,5;2,4;1,6;1,3;1,1;0,7;0,5;0,5;0,7;0,7;0,6;0,5;0,5;0,6;0,6;0,6;0,5;0,5;0,4;0,4
CITEPA;https://www.citepa.org/fr/secten/;;Emissions GES;V0;par gaz à effet de serre;V0.1;NF3;V0.1.7;;;;;;;;;;;;;;;;;;France;G0;;;;;;;;;;;;;;;;;;;;;;;;;;0;0;0;0;0;0;0;0;0;0;0;0;0;0;0;0;0;0;0;0;0;0;0;0;0;0;0;0;0;0;0;0;0
;;;;;;;;;;;;;;;;;;;;;;;;;;France;G0;;;;;;;;;;;;;;;;;;;;;;;;;;;;;;;;;;;;;;;;;;;;;;;;;;;;;;;;;;
CITEPA;https://www.citepa.org/fr/secten/;;Emissions GES;V0;par secteur;V0.2;;;;;;;;;;;;;;;;;;;;France;G0;;;;;;;;;;;;;;;;;;;;;;;;;V;;;;;;;;;;;;;;;;;;;;;;;;;;;;;;;;;
;;;;;;;;;;;;;;;;;;;;;;;;;;France;G0;;;;;;;;;;;;;;;;;;;;;;;;;;;;;;;;;;;;;;;;;;;;;;;;;;;;;;;;;;
CITEPA;https://www.citepa.org/fr/secten/;;Emissions GES;V0;par secteur;V0.2;Industrie de l'énergie;V0.2.1;;;;;;;;;;;;;;;;;;France;G0;;;;;;;;;;;;;;;;;;;;;;;;;;78,9;80,1;81,4;69,1;66;68,5;72,1;67,7;80,1;73,1;71,7;64,8;67,3;70,7;69,3;74,4;70,2;69,8;68,9;66,8;67;61,2;62,9;60,8;47,2;50;53,5;57,3;48;46,2;41,3;42,5;44,6
CITEPA;https://www.citepa.org/fr/secten/;;Emissions GES;V0;par secteur;V0.2;Industrie manufacturière et construction;V0.2.2;;;;;;;;;;;;;;;;;;France;G0;;;;;;;;;;;;;;;;;;;;;;;;;;139,4;151,9;139,9;134,7;135,6;136,2;138,3;137,1;131,2;128,1;124,9;128,1;124,1;122,7;117,4;118,1;117,1;115,9;108,8;89,6;95,5;91;87,5;88,7;86;83,7;83,2;82,9;82,8;79,8;72;78;73
CITEPA;https://www.citepa.org/fr/secten/;;Emissions GES;V0;par secteur;V0.2;Traitement centralisé des déchets;V0.2.3;;;;;;;;;;;;;;;;;;France;G0;;;;;;;;;;;;;;;;;;;;;;;;;;15,8;16,5;17,3;18;18,4;18,7;18,7;18,7;19,1;19,4;19,8;20,1;20,4;20,5;20,4;20,3;20,3;20,2;20,2;19,5;19,6;18,7;18,3;16,7;16;15;15;15,1;14,8;16;15,9;15,2;15,2
CITEPA;https://www.citepa.org/fr/secten/;;Emissions GES;V0;par secteur;V0.2;Usage des bâtiments et activités résidentiels/tertiaires;V0.2.4;;;;;;;;;;;;;;;;;;France;G0;;;;;;;;;;;;;;;;;;;;;;;;;;93,3;102,9;99,1;96;89;89;99;94;99;101;97;103;98;104;109;108;103;96;103;105;104;89;96;98;82;85;85;84;79;76;71;75;64
CITEPA;https://www.citepa.org/fr/secten/;;Emissions GES;V0;par secteur;V0.2;Agriculture / sylviculture;V0.2.5;;;;;;;;;;;;;;;;;;France;G0;;;;;;;;;;;;;;;;;;;;;;;;;;88,3;87,4;87,1;85,9;85;85,7;86,6;86,7;86,9;87,3;89,7;89,4;87,6;84,4;85,6;84,9;84,1;84,4;86,2;85,2;83,1;82,8;82;82;83,5;83,1;81,7;81,3;80,4;78,6;78,2;76,5;76,5
CITEPA;https://www.citepa.org/fr/secten/;;Emissions GES;V0;par secteur;V0.2;Transports;V0.2.6;;;;;;;;;;;;;;;;;;France;G0;;;;;;;;;;;;;;;;;;;;;;;;;;123,7;126,4;130,8;131;131,9;133,9;135,6;138,3;140,8;143,4;143,1;146,3;147,2;146,8;147,3;144,9;144,7;143,6;137,2;136,7;137,7;138,7;137,2;136,8;136,5;137,9;138,1;138,3;135,3;134,4;113,5;127,6;130,5
CITEPA;https://www.citepa.org/fr/secten/;;Emissions GES;V0;par secteur;V0.2;UTCATF;V0.2.7;;;;;;;;;;;;;;;;;;France;G0;;;;;;;;;;;;;;;;;;;;;;;;;;-17,1;-17,2;-15;-19;-17,1;-20,2;-27,5;-29,2;-31,7;-36,3;-20,1;-33,7;-43,6;-48,3;-50,3;-50,7;-50,8;-48,6;-47,9;-37,8;-40,7;-42,5;-46,9;-45,5;-41,1;-37;-30,2;-20,6;-19,7;-18,2;-21,6;-17,1;-16,9
CITEPA;https://www.citepa.org/fr/secten/;;Emissions GES;V0;par secteur;V0.2;Hors total;V0.2.8;;;;;;;;;;;;;;;;;;France;G0;;;;;;;;;;;;;;;;;;;;;;;;;;20,2;20,1;21,4;21,4;21;21,3;22,3;23,5;25,2;26,7;27,6;26,3;26,8;26,8;28,9;28,4;29,8;30,7;29,7;28,4;28,2;29,5;28,6;27,8;27;27,2;26,7;27,3;28,6;28,8;15,4;15,9;19,2
;;;;;;;;;;;;;;;;;;;;;;;;;;France;G0;;;;;;;;;;;;;;;;;;;;;;;;;;;;;;;;;;;;;;;;;;;;;;;;;;;;;;;;;;
CITEPA;https://www.citepa.org/fr/secten/;;Emissions GES;V0;par secteur;V0.2;Industrie de l'énergie;V0.2.1;Production d'électricité;V0.2.1.1;;;;;;;;;;;;;;;;France;G0;;;;;;;;;;;;;;;;;;;;;;;;;;41,34666326;41,47419689;42,40726502;30,13738906;26,62529026;29,23349733;32,61730499;28,73309224;41,2948895;34,9341534;34,44506451;27,67040209;31,41536435;34,47600466;32,90150951;38,69650324;34,40460436;34,77373188;33,76559787;33,25413784;34,46948327;27,6491453;30,53994747;30,69156222;19,13151839;21,38821632;24,95406268;29,24222101;21,22108709;19,92966153;17,67194674;19,81385626;22,49566938
CITEPA;https://www.citepa.org/fr/secten/;;Emissions GES;V0;par secteur;V0.2;Industrie de l'énergie;V0.2.1;Chauffage urbain;V0.2.1.2;;;;;;;;;;;;;;;;France;G0;;;;;;;;;;;;;;;;;;;;;;;;;;6,014942187;6,736728634;6,600060371;6,572908418;6,175157378;6,153780547;6,951796276;6,54346388;6,553455164;6,427957241;6,414032333;6,533778294;6,613533245;6,807951531;6,95853763;6,777760468;6,903587931;6,450751339;6,636207699;5,971034773;6,500103286;8,118016463;9,464443915;7,794642055;5,659155261;6,491170671;6,660055042;6,59205061;5,800497012;5,710212132;5,446010235;5,902939058;4,88898047
CITEPA;https://www.citepa.org/fr/secten/;;Emissions GES;V0;par secteur;V0.2;Industrie de l'énergie;V0.2.1;Raffinage du pétrole;V0.2.1.3;;;;;;;;;;;;;;;;France;G0;;;;;;;;;;;;;;;;;;;;;;;;;;15,24851246;15,52670231;15,69444478;15,68658107;16,39135268;16,54143877;17,33801131;18,14656594;17,92394102;17,17829371;17,21204204;17,30729199;16,42920692;16,39561422;16,8069505;16,91485643;17,34838526;17,50415058;17,5960619;16,64381988;14,78356123;14,30742185;11,71767311;10,94545603;10,88460286;10,46441712;10,19414134;9,605253638;9,097393259;8,709691579;7,184992655;6,520617489;7,228241924
CITEPA;https://www.citepa.org/fr/secten/;;Emissions GES;V0;par secteur;V0.2;Industrie de l'énergie;V0.2.1;Transformation des combustibles minéraux solides;V0.2.1.4;;;;;;;;;;;;;;;;France;G0;;;;;;;;;;;;;;;;;;;;;;;;;;4,179929856;4,194202152;4,214608363;3,826820452;3,731805193;3,75865801;3,690549671;3,551821124;3,884068672;3,943438108;3,885714324;3,725259822;3,598214634;3,583606069;3,40607599;3,191175855;3,172412771;3,109582937;3,007375832;2,741483163;2,977189678;2,939390839;2,700632584;2,806948231;2,958748864;2,939652224;2,86167198;2,974526915;2,929430963;2,847214543;2,11928454;2,168955121;1,971340572
CITEPA;https://www.citepa.org/fr/secten/;;Emissions GES;V0;par secteur;V0.2;Industrie de l'énergie;V0.2.1;Extraction et distribution de combustibles solides;V0.2.1.5;;;;;;;;;;;;;;;;France;G0;;;;;;;;;;;;;;;;;;;;;;;;;;5,354104;4,968536473;5,188753987;5,420562423;5,541810404;5,49147309;4,173809569;3,552024687;3,446517271;3,27427515;2,245139644;2,018779107;1,342245979;1,28094416;0,746427895;0,414596;0,264516;0,039396;0,039396;0,039396;0,039396;0,030016;0,013132;0,015008;0,011256;0,011256;0,011256;0,011256;0,011256;0,011256;0,011256;0,0013132;0,0013132
CITEPA;https://www.citepa.org/fr/secten/;;Emissions GES;V0;par secteur;V0.2;Industrie de l'énergie;V0.2.1;Extraction et distribution de combustibles liquides;V0.2.1.6;;;;;;;;;;;;;;;;France;G0;;;;;;;;;;;;;;;;;;;;;;;;;;0,475362038;0,46484442;0,45196413;0,43512749;0,438323163;0,394155839;0,335148773;0,285015084;0,273345435;0,246270033;0,227879301;0,222218567;0,211654309;0,197437676;0,18476447;0,175285219;0,172075876;0,158982448;0,158056836;0,144272559;0,144414454;0,144732931;0,129542608;0,127548383;0,122897283;0,134183274;0,131064827;0,122116602;0,124498297;0,115568751;0,102555351;0,103616125;0,116615262
CITEPA;https://www.citepa.org/fr/secten/;;Emissions GES;V0;par secteur;V0.2;Industrie de l'énergie;V0.2.1;Extraction et distribution de combustibles gazeux;V0.2.1.7;;;;;;;;;;;;;;;;France;G0;;;;;;;;;;;;;;;;;;;;;;;;;;3,465737181;3,708052823;3,534223059;3,468011326;3,530131139;3,368569215;3,454087576;3,350338987;3,141535489;3,16363757;3,160835452;2,942411475;3,015545401;3,092239016;3,180237542;3,153603601;3,031278522;2,907834562;2,898181127;2,816684777;2,489444994;2,279655405;2,338790213;2,165702851;1,816781278;1,745028277;1,762216209;1,651569726;1,596534779;1,583069395;1,265232031;1,196775401;1,090651146
CITEPA;https://www.citepa.org/fr/secten/;;Emissions GES;V0;par secteur;V0.2;Industrie de l'énergie;V0.2.1;Fabrication de charbon de bois par pyrolyse;V0.2.1.8;;;;;;;;;;;;;;;;France;G0;;;;;;;;;;;;;;;;;;;;;;;;;;0,039529989;0,035748519;0,031967049;0,028185578;0,024404108;0,020622638;0,016841168;0,013059697;0,009278227;0,005496757;0,001715286;0,001715286;0,001715286;0,001694866;0,001674446;0,001654026;0,001633606;0,001613186;0,001592766;0,001572346;0,001429405;0,001286465;0,001429405;0,001706707;0,001637498;0,00211177;0,002702496;0,002019897;0,001297204;0,001183647;0,001239958;0,001239958;0,001239958
CITEPA;https://www.citepa.org/fr/secten/;;Emissions GES;V0;par secteur;V0.2;Industrie de l'énergie;V0.2.1;Valorisation énergétique des déchets;V0.2.1.9;;;;;;;;;;;;;;;;France;G0;;;;;;;;;;;;;;;;;;;;;;;;;;2,726420556;2,980482855;3,234545154;3,490391341;3,515295855;3,540200369;3,504158794;3,532167876;3,542108618;3,926687486;4,125629;4,414561244;4,704824676;4,898739266;5,089535681;5,060478369;4,930587227;4,8411004;4,812785506;5,150566547;5,579799129;5,726026808;5,972154038;6,289866762;6,611891202;6,78037135;6,968874241;7,105315322;7,200942197;7,329422021;7,463926224;6,781604592;6,781604592
;;;;;;;;;;;;;;;;;;;;;;;;;;France;G0;;;;;;;;;;;;;;;;;;;;;;;;;;;;;;;;;;;;;;;;;;;;;;;;;;;;;;;;;;
CITEPA;https://www.citepa.org/fr/secten/;;Emissions GES;V0;par secteur;V0.2;Industrie manufacturière et construction;V0.2.2;Chimie;V0.2.2.1;;;;;;;;;;;;;;;;France;G0;;;;;;;;;;;;;;;;;;;;;;;;;;49,83558775;54,78873313;51,7518272;49,74291213;51,50202909;51,11857776;53,01721063;52,70972282;43,65962699;39,4736868;38,32808963;41,19291268;36,12465158;36,17977222;32,77845561;34,02070442;31,566186;31,19651719;29,69187524;26,88066798;25,9940393;24,57340234;23,81948834;23,50734308;22,99498812;22,09456227;21,55323794;21,28090691;20,90191759;19,94916485;19,25635074;19,63320475;18,95921592
CITEPA;https://www.citepa.org/fr/secten/;;Emissions GES;V0;par secteur;V0.2;Industrie manufacturière et construction;V0.2.2;Construction;V0.2.2.2;;;;;;;;;;;;;;;;France;G0;;;;;;;;;;;;;;;;;;;;;;;;;;3,51891185;3,552155979;3,576754435;3,553797228;2,827675831;3,189590327;3,232079568;2,958400165;4,926460502;4,444419055;3,949959951;4,824357945;6,234807741;5,933647543;5,61784779;5,238880435;5,15751696;4,376650263;3,86072421;3,159501849;2,903131962;4,05944677;3,898262568;3,885009548;3,756775466;3,668576114;3,597979272;3,683136795;3,571592663;3,781642886;3,61211333;3,752985579;3,843541422
CITEPA;https://www.citepa.org/fr/secten/;;Emissions GES;V0;par secteur;V0.2;Industrie manufacturière et construction;V0.2.2;Biens d'équipements, matériels de transport;V0.2.2.3;;;;;;;;;;;;;;;;France;G0;;;;;;;;;;;;;;;;;;;;;;;;;;5,180840987;5,883066239;5,516604326;6,142156844;5,511745264;6,096016381;6,716043544;6,222251978;5,866025941;5,983908353;5,778303544;6,335031796;5,841081255;6,061251176;5,593754668;5,77417594;5,156624355;4,774322949;4,997575993;3,971808457;4,477457089;3,66235287;3,671219485;3,70021976;3,044473852;3,129284214;3,214222557;3,194911021;3,133973974;3,024162814;3,486500965;3,609115579;3,156786902
CITEPA;https://www.citepa.org/fr/secten/;;Emissions GES;V0;par secteur;V0.2;Industrie manufacturière et construction;V0.2.2;Agro-alimentaire;V0.2.2.4;;;;;;;;;;;;;;;;France;G0;;;;;;;;;;;;;;;;;;;;;;;;;;8,635987555;10,56735491;9,656990853;10,0747625;10,06156794;10,85272488;10,78920128;10,63066186;10,72642954;11,27000343;10,57226372;11,08107076;11,11729653;10,89852474;10,46112172;11,23823002;11,46654239;11,56345031;10,93568169;10,16166558;11,3078809;10,77408467;10,26554383;10,45551643;10,21334421;10,11100923;10,18563758;9,5491658;9,619200395;9,463117295;8,793492154;9,243908653;8,479595314
CITEPA;https://www.citepa.org/fr/secten/;;Emissions GES;V0;par secteur;V0.2;Industrie manufacturière et construction;V0.2.2;Métallurgie des métaux ferreux;V0.2.2.5;;;;;;;;;;;;;;;;France;G0;;;;;;;;;;;;;;;;;;;;;;;;;;25,27279332;25,34821476;23,88285675;23,14328543;22,83536004;21,91481204;21,3961347;22,89398627;23,19729755;23,74658449;25,0318111;23,08794278;24,44113114;24,15214884;24,25730812;24,71916046;25,54977606;26,44707267;24,03015476;15,1078122;19,18989468;17,49328352;16,82271077;18,43539373;18,1043418;17,77931755;17,16049367;18,51508578;18,31240915;16,78684016;12,78182382;15,73171604;13,6920808
CITEPA;https://www.citepa.org/fr/secten/;;Emissions GES;V0;par secteur;V0.2;Industrie manufacturière et construction;V0.2.2;Métallurgie des métaux non-ferreux;V0.2.2.6;;;;;;;;;;;;;;;;France;G0;;;;;;;;;;;;;;;;;;;;;;;;;;7,64146896;8,259957449;8,287529559;6,581595571;6,182516111;6,080381307;6,010279266;5,980026024;6,448903764;7,258331991;5,913657242;5,379468915;6,34480475;5,745068383;4,606183927;3,843709607;4,033089327;3,698342761;3,240803087;2,540828606;2,855688515;2,544532791;2,486585787;2,485802307;2,539088171;2,596058212;2,999641737;2,707380475;2,564549879;2,419031269;2,15974827;2,32994864;2,178896396
CITEPA;https://www.citepa.org/fr/secten/;;Emissions GES;V0;par secteur;V0.2;Industrie manufacturière et construction;V0.2.2;Minéraux non-métalliques, matériaux de construction;V0.2.2.7;;;;;;;;;;;;;;;;France;G0;;;;;;;;;;;;;;;;;;;;;;;;;;30,09551755;32,51601361;27,56899149;25,43936958;27,02042649;26,51634535;26,12976038;25,04179563;25,58132044;25,63655125;25,19346361;26,01773447;24,80686643;24,68414125;25,35902875;25,08646537;26,26952525;26,37423242;25,07678783;21,97925737;22,75404767;22,61741483;21,36711053;20,66181631;19,95921574;18,82059517;18,9648695;18,44897102;19,38445746;19,36407669;17,83978786;19,16045402;18,39552979
CITEPA;https://www.citepa.org/fr/secten/;;Emissions GES;V0;par secteur;V0.2;Industrie manufacturière et construction;V0.2.2;Papier, carton;V0.2.2.8;;;;;;;;;;;;;;;;France;G0;;;;;;;;;;;;;;;;;;;;;;;;;;4,518875514;5,663221816;5,064023649;4,818818141;5,13060847;5,208918311;5,512570127;5,464607846;5,48359893;5,303789506;5,258619812;5,069594252;4,56838437;4,655344521;4,288259122;4,066350673;3,992804618;3,651597183;3,245413889;2,773822136;2,977423749;2,470312415;2,506005794;2,883421121;2,730359518;2,653286847;2,733477901;2,52390384;2,557001593;2,43600208;2,3459355;2,532801122;2,340830184
CITEPA;https://www.citepa.org/fr/secten/;;Emissions GES;V0;par secteur;V0.2;Industrie manufacturière et construction;V0.2.2;Autres industries manufacturières;V0.2.2.9;;;;;;;;;;;;;;;;France;G0;;;;;;;;;;;;;;;;;;;;;;;;;;4,712373593;5,313118553;4,575846053;5,162911083;4,568577085;5,178709685;5,538062523;5,236809757;5,282766482;4,94576159;4,826738511;5,134840276;4,634552581;4,429792301;4,427708016;4,153505636;3,930173896;3,829328101;3,723446339;3,053214878;3,061208614;2,846087136;2,673045509;2,689450651;2,660720882;2,834313732;2,792982223;2,983128164;2,753666122;2,554794105;1,77089063;1,958508527;1,927426767
;;;;;;;;;;;;;;;;;;;;;;;;;;France;G0;;;;;;;;;;;;;;;;;;;;;;;;;;;;;;;;;;;;;;;;;;;;;;;;;;;;;;;;;;
CITEPA;https://www.citepa.org/fr/secten/;;Emissions GES;V0;par secteur;V0.2;Traitement centralisé des déchets;V0.2.3;Stockage des déchets;V0.2.3.1;;;;;;;;;;;;;;;;France;G0;;;;;;;;;;;;;;;;;;;;;;;;;;13,14211181;13,84000185;14,60779873;15,39582719;15,71533385;15,97351423;16,13803618;16,35204717;16,91250356;17,20915098;17,53278132;17,86405255;18,15846123;18,30082017;18,25432513;18,04956027;17,95806219;18,00776641;17,97385401;17,28298493;17,21790661;16,12655107;15,70263119;14,10863434;13,16287733;12,34201351;12,37516443;12,47609658;12,20879617;13,10875264;13,08334421;12,25499434;12,25499434
CITEPA;https://www.citepa.org/fr/secten/;;Emissions GES;V0;par secteur;V0.2;Traitement centralisé des déchets;V0.2.3;Incinération sans récupération d'énergie;V0.2.3.2;;;;;;;;;;;;;;;;France;G0;;;;;;;;;;;;;;;;;;;;;;;;;;2,061509911;2,044204083;2,071461906;2,055199756;2,089618482;2,034535344;1,895872105;1,668074714;1,517020754;1,407518402;1,476131422;1,401344339;1,388742031;1,401668854;1,316756013;1,381596738;1,442711704;1,342504303;1,364202482;1,354606113;1,420909903;1,46729633;1,391988389;1,361377626;1,596145883;1,374876719;1,357746216;1,295484037;1,246962546;1,602275884;1,586225397;1,623236903;1,591918807
CITEPA;https://www.citepa.org/fr/secten/;;Emissions GES;V0;par secteur;V0.2;Traitement centralisé des déchets;V0.2.3;Autres traitements des déchets solides;V0.2.3.3;;;;;;;;;;;;;;;;France;G0;;;;;;;;;;;;;;;;;;;;;;;;;;0,139233428;0,143028359;0,146911902;0,150886301;0,171003899;0,191312798;0,214683861;0,220894157;0,250191146;0,338557243;0,3767627;0,39543518;0,414307304;0,446075085;0,478424805;0,505349794;0,530897915;0,54395607;0,556484054;0,578050779;0,596794801;0,718279972;0,839889713;0,877346337;0,914941392;0,93193052;0,948844907;0,984362047;1,019903525;0,971648999;0,924160125;0,996241902;0,996241902
CITEPA;https://www.citepa.org/fr/secten/;;Emissions GES;V0;par secteur;V0.2;Traitement centralisé des déchets;V0.2.3;Traitement des eaux usées;V0.2.3.4;;;;;;;;;;;;;;;;France;G0;;;;;;;;;;;;;;;;;;;;;;;;;;0,427645185;0,441261593;0,438580928;0,441061306;0,44315192;0,45180795;0,447406068;0,440595913;0,43272305;0,423389572;0,426665169;0,41255484;0,40068553;0,38515093;0,369106854;0,355598961;0,352110679;0,319107118;0,32317491;0,331562793;0,343866245;0,341399388;0,338601742;0,32563389;0,333443466;0,341517976;0,329594692;0,336733976;0,346087773;0,336615812;0,333823205;0,334319518;0,334319518
;;;;;;;;;;;;;;;;;;;;;;;;;;France;G0;;;;;;;;;;;;;;;;;;;;;;;;;;;;;;;;;;;;;;;;;;;;;;;;;;;;;;;;;;
CITEPA;https://www.citepa.org/fr/secten/;;Emissions GES;V0;par secteur;V0.2;Usage des bâtiments et activités résidentiels/tertiaires;V0.2.4;sous-total Usage des bâtiments résidentiels et activités domestiques;V0.2.4.1;;;;;;;;;;;;;;;;France;G0;;;;;;;;;;;;;;;;;;;;;;;;;;61,85468109;69,59362898;68,48758285;66,62383184;62,76675324;62,65598139;69,42164791;65,48329351;67,95378227;68,8075564;66,80608561;70,77986197;67,98644114;69,49185361;73,39028925;72,56150064;69,77284255;62,19797228;67,34241158;67,01425514;65,20307054;57,1735563;61,67093013;62,90950298;50,24940918;52,41622808;53,74449219;52,61582055;48,91451977;47,23145086;44,89685985;47,32233735;40,13923914
CITEPA;https://www.citepa.org/fr/secten/;;Emissions GES;V0;par secteur;V0.2;Usage des bâtiments et activités résidentiels/tertiaires;V0.2.4;sous-total Usage des bâtiments tertiaires et activités tertiaires;V0.2.4.2;;;;;;;;;;;;;;;;France;G0;;;;;;;;;;;;;;;;;;;;;;;;;;31,40600813;33,33856926;30,63264779;28,89001793;26,29232447;26,2929004;29,48542926;28,56528476;30,83121451;31,79995512;30,21883772;32,01290389;30,48856747;34,59874886;35,49672858;35,2633204;33,50893028;33,7180508;35,70724795;38,13588555;38,7854513;32,14943449;33,99366336;35,1248632;31,59924581;32,42980939;31,03318823;31,44699898;30,13264241;28,80679195;26,42060503;27,76780359;23,88569606
;;;;;;;;;;;;;;;;;;;;;;;;;;France;G0;;;;;;;;;;;;;;;;;;;;;;;;;;;;;;;;;;;;;;;;;;;;;;;;;;;;;;;;;;
CITEPA;https://www.citepa.org/fr/secten/;;Emissions GES;V0;par secteur;V0.2;Usage des bâtiments et activités résidentiels/tertiaires;V0.2.4;sous-total Usage des bâtiments résidentiels et activités domestiques;V0.2.4.1;Chauffage, eau chaude sanitaire et cuisson domestique;V0.2.4.1.1;;;;;;;;;;;;;;France;G0;;;;;;;;;;;;;;;;;;;;;;;;;;59,19620968;66,84766025;65,65732496;63,7178457;59,73383111;59,31920267;65,62448412;61,42856358;63,73052476;64,63148611;62,43779328;66,41130237;63,64073968;65,00622629;68,75394751;67,8161228;64,89755018;57,14571968;62,2612415;62,25288541;60,24376158;52,14619069;56,70332255;57,92956446;45,0852343;47,18466918;48,40637638;47,2443536;43,68635935;42,24988196;39,94603076;42,34835465;35,23954641
CITEPA;https://www.citepa.org/fr/secten/;;Emissions GES;V0;par secteur;V0.2;Usage des bâtiments et activités résidentiels/tertiaires;V0.2.4;sous-total Usage des bâtiments résidentiels et activités domestiques;V0.2.4.1;Climatisation domestique;V0.2.4.1.2;;;;;;;;;;;;;;France;G0;;;;;;;;;;;;;;;;;;;;;;;;;;0;0;0;0;0;0;0;0;0;0;0,000579985;0,002260506;0,005211366;0,044627609;0,108001488;0,155583412;0,222795228;0,290923419;0,356268792;0,422068359;0,47234351;0,530546559;0,587477665;0,675423889;0,780076975;0,867435782;0,951053326;1,019608995;1,093891836;1,125111585;1,115643111;1,097200687;1,00933999
CITEPA;https://www.citepa.org/fr/secten/;;Emissions GES;V0;par secteur;V0.2;Usage des bâtiments et activités résidentiels/tertiaires;V0.2.4;sous-total Usage des bâtiments résidentiels et activités domestiques;V0.2.4.1;Réfrigération domestique;V0.2.4.1.3;;;;;;;;;;;;;;France;G0;;;;;;;;;;;;;;;;;;;;;;;;;;0;0;0;0;2,24E-05;6,31E-05;9,88E-05;0,000134754;0,000168892;0,000200917;0,000231447;0,000258492;0,00028104;0,000303467;0,020415381;0,053876457;0,072765723;0,075639766;0,091332554;0,104565074;0,150683282;0,14071043;0,157912223;0,15225712;0,15982897;0,137829461;0,139881716;0,092717188;0,091433251;0,084854055;0,073513455;0,06727469;0,06085703
CITEPA;https://www.citepa.org/fr/secten/;;Emissions GES;V0;par secteur;V0.2;Usage des bâtiments et activités résidentiels/tertiaires;V0.2.4;sous-total Usage des bâtiments résidentiels et activités domestiques;V0.2.4.1;Utilisation de produits domestiques (y.c. peintures, aérosols);V0.2.4.1.4;;;;;;;;;;;;;;France;G0;;;;;;;;;;;;;;;;;;;;;;;;;;0,600586448;0,601982132;0,606154961;0,600278101;0,646123085;0,863501908;1,243765016;1,419568513;1,503835248;1,446577761;1,627288075;1,614241598;1,62248055;1,755847407;1,860250722;1,873304922;1,908162771;2,006851297;1,943190513;1,513423039;1,59889949;1,611448986;1,468272554;1,388026937;1,440333353;1,451685773;1,474753651;1,490460953;1,239593707;0,931629678;0,90931614;0,909375869;0,901083831
CITEPA;https://www.citepa.org/fr/secten/;;Emissions GES;V0;par secteur;V0.2;Usage des bâtiments et activités résidentiels/tertiaires;V0.2.4;sous-total Usage des bâtiments résidentiels et activités domestiques;V0.2.4.1;Engins (y.c. jardinage) domestiques;V0.2.4.1.5;;;;;;;;;;;;;;France;G0;;;;;;;;;;;;;;;;;;;;;;;;;;0,305302622;0,304769088;0,304337098;0,303710047;0,303303795;0,303034875;0,302398584;0,30171079;0,301392228;0,301242306;0,300767193;0,299787854;0,299742443;0,299869094;0,299745455;0,298650007;0,297337364;0,293572192;0,287731584;0,288156165;0,287713678;0,286944267;0,285745719;0,285621373;0,284807651;0,284302247;0,283220521;0,281521988;0,280550133;0,280898416;0,280069504;0,278684987;0,306965411
CITEPA;https://www.citepa.org/fr/secten/;;Emissions GES;V0;par secteur;V0.2;Usage des bâtiments et activités résidentiels/tertiaires;V0.2.4;sous-total Usage des bâtiments résidentiels et activités domestiques;V0.2.4.1;Déchets et brûlage domestiques et eaux usées;V0.2.4.1.6;;;;;;;;;;;;;;France;G0;;;;;;;;;;;;;;;;;;;;;;;;;;1,75258234;1,839217511;1,919765833;2,001997997;2,083472895;2,17017885;2,2509014;2,333315877;2,417861144;2,428049311;2,439425632;2,452011146;2,417986062;2,384979743;2,347928689;2,363963041;2,374231284;2,385265925;2,402646633;2,433157088;2,449668999;2,45771537;2,468199417;2,4786092;2,49912793;2,490305635;2,489206594;2,487157826;2,522691489;2,559075167;2,572286885;2,621446476;2,621446476
CITEPA;https://www.citepa.org/fr/secten/;;Emissions GES;V0;par secteur;V0.2;Usage des bâtiments et activités résidentiels/tertiaires;V0.2.4;sous-total Usage des bâtiments résidentiels et activités domestiques;V0.2.4.1;Autres activités domestiques (tabac et feux d’artifices);V0.2.4.1.7;;;;;;;;;;;;;;France;G0;;;;;;;;;;;;;;;;;;;;;;;;;;0;0;0;0;0;0;0;0;0;0;0;0;0;0;0;0;0;0;0;0;0;0;0;0;0;0;0;0;0;0;0;0;0
;;;;;;;;;;;;;;;;;;;;;;;;;;France;G0;;;;;;;;;;;;;;;;;;;;;;;;;;;;;;;;;;;;;;;;;;;;;;;;;;;;;;;;;;
CITEPA;https://www.citepa.org/fr/secten/;;Emissions GES;V0;par secteur;V0.2;Usage des bâtiments et activités résidentiels/tertiaires;V0.2.4;sous-total Usage des bâtiments tertiaires et activités tertiaires;V0.2.4.2;Chauffage, eau chaude sanitaire et cuisson tertiaire;V0.2.4.2.1;;;;;;;;;;;;;;France;G0;;;;;;;;;;;;;;;;;;;;;;;;;;26,72531467;29,0184723;27,62994351;26,33924186;24,85939643;25,10131756;27,52834195;25,85424786;27,24880454;27,83982769;25,81856969;26,89035553;24,20259858;27,46490035;27,78207723;27,2129981;24,72108588;24,46885868;25,91102421;28,21038529;28,51249301;21,2050513;23,39493644;24,65188357;21,37525365;22,49102405;22,08133466;22,88597598;22,17396519;21,68756419;20,14927636;21,50921526;18,09743089
CITEPA;https://www.citepa.org/fr/secten/;;Emissions GES;V0;par secteur;V0.2;Usage des bâtiments et activités résidentiels/tertiaires;V0.2.4;sous-total Usage des bâtiments tertiaires et activités tertiaires;V0.2.4.2;Climatisation tertiaire;V0.2.4.2.2;;;;;;;;;;;;;;France;G0;;;;;;;;;;;;;;;;;;;;;;;;;;0;0;0,000200432;0,001058875;0,002982442;0,005275196;0,008846639;0,013507939;0,022627503;0,03593857;0,06007638;0,095614986;0,14510912;0,205406065;0,30033175;0,387883258;0,510297717;0,651607282;0,763833729;0,870416084;0,952968093;1,012295889;1,068349596;1,122118975;1,18523496;1,246417741;1,326698618;1,389046104;1,411721734;1,399167982;1,354479033;1,296612168;0,824827538
CITEPA;https://www.citepa.org/fr/secten/;;Emissions GES;V0;par secteur;V0.2;Usage des bâtiments et activités résidentiels/tertiaires;V0.2.4;sous-total Usage des bâtiments tertiaires et activités tertiaires;V0.2.4.2;Réfrigération tertiaire;V0.2.4.2.3;;;;;;;;;;;;;;France;G0;;;;;;;;;;;;;;;;;;;;;;;;;;0;0;0;0,01590868;0,04639068;0,124896191;0,226180611;0,394091223;0,624762564;1,026734884;1,512223672;2,078766566;2,631314191;3,176773156;3,720004164;4,213969052;4,802332494;5,252003599;5,663518222;5,992420717;6,231734002;6,416810537;6,459033579;6,369846793;6,171771918;5,905019484;5,540819117;5,104622415;4,587682337;3,816419419;3,128125691;2,511601092;2,163673015
CITEPA;https://www.citepa.org/fr/secten/;;Emissions GES;V0;par secteur;V0.2;Usage des bâtiments et activités résidentiels/tertiaires;V0.2.4;sous-total Usage des bâtiments tertiaires et activités tertiaires;V0.2.4.2;Utilisation de produits tertiaires (y.c. solvants, peintures, aérosols, anesthésie);V0.2.4.2.4;;;;;;;;;;;;;;France;G0;;;;;;;;;;;;;;;;;;;;;;;;;;0,167637904;0,164124784;0,162520711;0,160057941;0,283429474;0,448595201;0,718716614;0,855041908;0,854010174;0,867832175;0,843465784;0,82406937;0,814004439;0,845592638;0,788594907;0,79403101;0,798595038;0,799349793;0,807168907;0,780809174;0,806270672;0,839458191;0,765224157;0,726623648;0,72803303;0,730846443;0,722492307;0,729051359;0,526512555;0,280357329;0,299139594;0,300869152;0,281409196
CITEPA;https://www.citepa.org/fr/secten/;;Emissions GES;V0;par secteur;V0.2;Usage des bâtiments et activités résidentiels/tertiaires;V0.2.4;sous-total Usage des bâtiments tertiaires et activités tertiaires;V0.2.4.2;Autres activités tertiaires (y.c. feux d’artifices, activités militaires, crémation);V0.2.4.2.5;;;;;;;;;;;;;;France;G0;;;;;;;;;;;;;;;;;;;;;;;;;;4,513055563;4,155972175;2,839983131;2,373750575;1,100125436;0,612816248;1,003343442;1,448395832;2,081009734;2,0296218;1,984502201;2,124097437;2,695541139;2,906076657;2,90572053;2,654438982;2,676619147;2,546231441;2,561702882;2,281854276;2,281985524;2,675818577;2,306119588;2,254390211;2,138952248;2,056501667;1,361843532;1,338303129;1,432760594;1,623283034;1,489584352;2,149505914;2,51835542
;;;;;;;;;;;;;;;;;;;;;;;;;;France;G0;;;;;;;;;;;;;;;;;;;;;;;;;;;;;;;;;;;;;;;;;;;;;;;;;;;;;;;;;;
CITEPA;https://www.citepa.org/fr/secten/;;Emissions GES;V0;par secteur;V0.2;Agriculture / sylviculture;V0.2.5;sous-total Elevage;V0.2.5.1;;;;;;;;;;;;;;;;France;G0;;;;;;;;;;;;;;;;;;;;;;;;;;53,38399834;52,53466182;51,87379535;51,53608118;51,78947354;52,08049971;52,1519737;51,72328596;51,5739128;51,64139403;53,49982283;53,57994758;52,5183522;51,0730375;50,4151054;50,23735259;50,31272447;50,67153837;51,29599151;50,72339394;50,43798204;49,70631472;49,12381458;49,10724249;49,66910433;49,8034625;49,52670679;48,94500213;48,24473087;47,42020581;46,6872536;45,57126357;45,51428411
CITEPA;https://www.citepa.org/fr/secten/;;Emissions GES;V0;par secteur;V0.2;Agriculture / sylviculture;V0.2.5;sous-total  Culture;V0.2.5.2;;;;;;;;;;;;;;;;France;G0;;;;;;;;;;;;;;;;;;;;;;;;;;24,32950696;24,27748513;24,3117408;23,39747008;22,43249035;22,72185548;23,23452611;23,788058;23,91994803;24,21817648;24,59988626;24,18461964;23,86054404;22,26808495;23,44544649;23,1725948;22,58732843;22,70516429;23,49732086;23,00512729;21,59900515;22,16620101;22,56583232;21,83636606;22,83194852;22,41850837;22,0033703;22,61651632;22,35043738;21,49449206;20,75021238;20,6955727;20,6955727
CITEPA;https://www.citepa.org/fr/secten/;;Emissions GES;V0;par secteur;V0.2;Agriculture / sylviculture;V0.2.5;sous-total  Engins, moteurs et chaudières;V0.2.5.3;;;;;;;;;;;;;;;;France;G0;;;;;;;;;;;;;;;;;;;;;;;;;;10,58367116;10,57870786;10,88166659;10,98290323;10,81254773;10,90664376;11,21881187;11,15520123;11,3968036;11,43424435;11,5652381;11,62415626;11,25085687;11,09314893;11,75505657;11,45343157;11,15716965;10,99701679;11,37384426;11,44449383;11,0581211;10,90710154;10,32282057;11,0194019;10,99367259;10,88860925;10,16073139;9,752854136;9,84289562;9,701229404;10,80694448;10,23971143;10,31505774
;;;;;;;;;;;;;;;;;;;;;;;;;;France;G0;;;;;;;;;;;;;;;;;;;;;;;;;;;;;;;;;;;;;;;;;;;;;;;;;;;;;;;;;;
CITEPA;https://www.citepa.org/fr/secten/;;Emissions GES;V0;par secteur;V0.2;Agriculture / sylviculture;V0.2.5;sous-total Elevage;V0.2.5.1;Bovins;V0.2.5.1.1;;;;;;;;;;;;;;France;G0;;;;;;;;;;;;;;;;;;;;;;;;;;44,28195397;43,54441545;42,87828137;42,4896247;42,65068145;42,90021385;42,86389343;42,39620126;42,16702169;42,22223896;44,05156292;44,1400644;43,06523656;41,69543081;41,13942244;41,02859035;41,21063876;41,65910348;42,40348101;41,89978805;41,65626333;41,10641953;40,72797184;40,86070113;41,4636981;41,65832964;41,4108357;40,91842014;40,16514233;39,41363717;38,71379503;37,70552936;37,6391513
CITEPA;https://www.citepa.org/fr/secten/;;Emissions GES;V0;par secteur;V0.2;Agriculture / sylviculture;V0.2.5;sous-total Elevage;V0.2.5.1;Porcins;V0.2.5.1.2;;;;;;;;;;;;;;France;G0;;;;;;;;;;;;;;;;;;;;;;;;;;2,45037691;2,458717547;2,590090245;2,683667803;2,76331672;2,779471446;2,88792015;2,974204761;3,088888026;3,155967286;3,173239639;3,231340666;3,280963188;3,269480708;3,241385678;3,199873843;3,191126017;3,209959074;3,202001351;3,143195782;3,07787035;3,042062466;2,969384076;2,922891501;2,904519159;2,916670353;2,947792605;2,908132869;2,920912129;2,897652125;2,858776512;2,800813408;2,800813408
CITEPA;https://www.citepa.org/fr/secten/;;Emissions GES;V0;par secteur;V0.2;Agriculture / sylviculture;V0.2.5;sous-total Elevage;V0.2.5.1;Volailles;V0.2.5.1.3;;;;;;;;;;;;;;France;G0;;;;;;;;;;;;;;;;;;;;;;;;;;0,224204014;0,23119164;0,237324281;0,243927231;0,24968541;0,255209454;0,259553417;0,265720485;0,273497713;0,265558194;0,258168992;0,262887125;0,259960372;0,25147561;0,240603553;0,233742527;0,230661595;0,232189055;0,232442948;0,232549758;0,235330551;0,234194681;0,238996377;0,241418643;0,246273097;0,249615833;0,245458848;0,245941608;0,240607026;0,235910511;0,234807817;0,232520096;0,232520096
CITEPA;https://www.citepa.org/fr/secten/;;Emissions GES;V0;par secteur;V0.2;Agriculture / sylviculture;V0.2.5;sous-total Elevage;V0.2.5.1;Autres émissions de l'élevage;V0.2.5.1.4;;;;;;;;;;;;;;France;G0;;;;;;;;;;;;;;;;;;;;;;;;;;6,427463446;6,300337187;6,168099455;6,118861445;6,12578996;6,145604958;6,1406067;6,087159456;6,044505378;5,997629588;6,016851281;5,945655389;5,91219208;5,85665037;5,793693736;5,77514587;5,680298103;5,570286761;5,4580662;5,447860345;5,46851781;5,323638038;5,187462285;5,082231223;5,054613973;4,978846674;4,922619632;4,872507509;4,918069387;4,873006001;4,879874239;4,832400709;4,841799303
;;;;;;;;;;;;;;;;;;;;;;;;;;France;G0;;;;;;;;;;;;;;;;;;;;;;;;;;;;;;;;;;;;;;;;;;;;;;;;;;;;;;;;;;
CITEPA;https://www.citepa.org/fr/secten/;;Emissions GES;V0;par secteur;V0.2;Agriculture / sylviculture;V0.2.5;sous-total  Culture;V0.2.5.2;Engrais et amendements minéraux;V0.2.5.2.1;;;;;;;;;;;;;;France;G0;;;;;;;;;;;;;;;;;;;;;;;;;;13,47165559;13,2166091;12,88155904;12,2624945;11,49070105;11,95972591;12,34608101;12,70657912;12,63336373;12,7526158;12,90594228;12,82499947;12,46437991;12,10996601;12,16184298;12,39160128;11,81270786;11,43201044;12,06454568;11,96401892;11,05028908;11,73391232;11,63852683;11,11333131;11,54932697;11,6921196;11,74977645;11,85226437;12,03447836;11,35045065;10,95268323;10,57234371;10,57234371
CITEPA;https://www.citepa.org/fr/secten/;;Emissions GES;V0;par secteur;V0.2;Agriculture / sylviculture;V0.2.5;sous-total  Culture;V0.2.5.2;Engrais et amendements organiques;V0.2.5.2.2;;;;;;;;;;;;;;France;G0;;;;;;;;;;;;;;;;;;;;;;;;;;1,499687358;1,486387587;1,476507962;1,477407676;1,489901155;1,503043108;1,513292098;1,509468744;1,514232479;1,508244741;1,536841892;1,521117187;1,501738428;1,469879261;1,444628482;1,432421319;1,429333206;1,441863059;1,477278324;1,452628131;1,455456509;1,464341362;1,45945674;1,454789449;1,476225164;1,491976695;1,477964252;1,477811338;1,480634897;1,45898835;1,448166841;1,447493508;1,447493508
CITEPA;https://www.citepa.org/fr/secten/;;Emissions GES;V0;par secteur;V0.2;Agriculture / sylviculture;V0.2.5;sous-total  Culture;V0.2.5.2;Pâture;V0.2.5.2.3;;;;;;;;;;;;;;France;G0;;;;;;;;;;;;;;;;;;;;;;;;;;1,80268094;1,785114685;1,779498788;1,76951175;1,775230768;1,786984656;1,793833949;1,779213727;1,769588226;1,772430609;1,831148395;1,843073267;1,791605591;1,737708804;1,706084652;1,690718493;1,695008666;1,705238299;1,70093459;1,695449602;1,688037598;1,630228491;1,62011342;1,636382347;1,657881639;1,671296436;1,668683421;1,651012543;1,618431314;1,589154808;1,558121542;1,521795912;1,521795912
CITEPA;https://www.citepa.org/fr/secten/;;Emissions GES;V0;par secteur;V0.2;Agriculture / sylviculture;V0.2.5;sous-total  Culture;V0.2.5.2;Brûlage de résidus agricoles;V0.2.5.2.4;;;;;;;;;;;;;;France;G0;;;;;;;;;;;;;;;;;;;;;;;;;;0,096549209;0,09909187;0,099632668;0,095748539;0,097581061;0,095457402;0,101337698;0,100893088;0,105472181;0,103435941;0,103792044;0,089443524;0,090054574;0,07399456;0,076333866;0,066358043;0,064776681;0,061162324;0,064276447;0,063880773;0,059556732;0,056480126;0,054527249;0,047365788;0,045765223;0,043935218;0,035953037;0,039833968;0,036007675;0,038425867;0,03361066;0,03503382;0,03503382
CITEPA;https://www.citepa.org/fr/secten/;;Emissions GES;V0;par secteur;V0.2;Agriculture / sylviculture;V0.2.5;sous-total  Culture;V0.2.5.2;Autres émissions des cultures;V0.2.5.2.5;;;;;;;;;;;;;;France;G0;;;;;;;;;;;;;;;;;;;;;;;;;;7,458933862;7,690281886;8,074542336;7,792307615;7,579076322;7,376644407;7,479981352;7,69190332;7,89729142;8,081449384;8,22216165;7,905986191;8,012765543;6,876536312;8,056556507;7,591495665;7,585502021;8,064890175;8,19028582;7,829149859;7,34566523;7,281238707;7,793208087;7,584497161;8,102749515;7,519180425;7,07099314;7,595594101;7,18088513;7,057472392;6,757630109;7,118905754;7,118905754
;;;;;;;;;;;;;;;;;;;;;;;;;;France;G0;;;;;;;;;;;;;;;;;;;;;;;;;;;;;;;;;;;;;;;;;;;;;;;;;;;;;;;;;;
CITEPA;https://www.citepa.org/fr/secten/;;Emissions GES;V0;par secteur;V0.2;Agriculture / sylviculture;V0.2.5;sous-total  Engins, moteurs et chaudières;V0.2.5.3;Engins, moteurs et chaudières en agriculture;V0.2.5.3.1;;;;;;;;;;;;;;France;G0;;;;;;;;;;;;;;;;;;;;;;;;;;10,13477599;10,12072974;10,41455261;10,51284955;10,33288479;10,42510585;10,72858968;10,65624823;10,8958665;10,92336017;11,04577041;11,10758474;10,73043237;10,56904051;11,20365535;10,9143445;10,62601231;10,47097429;10,82665357;10,88754128;10,52096085;10,37466838;9,828531999;10,48917414;10,45742483;10,35193065;9,6612968;9,271210883;9,360237562;9,230410618;10,27718142;9,743884937;9,815360568
CITEPA;https://www.citepa.org/fr/secten/;;Emissions GES;V0;par secteur;V0.2;Agriculture / sylviculture;V0.2.5;sous-total  Engins, moteurs et chaudières;V0.2.5.3;Engins, moteurs et chaudières en sylviculture;V0.2.5.3.2;;;;;;;;;;;;;;France;G0;;;;;;;;;;;;;;;;;;;;;;;;;;0,448895166;0,457978123;0,467113985;0,470053678;0,479662934;0,481537912;0,490222186;0,498952999;0,500937106;0,510884188;0,519467688;0,516571527;0,520424503;0,524108425;0,55140122;0,539087068;0,531157345;0,5260425;0,547190688;0,556952542;0,537160257;0,532433163;0,494288574;0,530227762;0,53624776;0,536678602;0,499434594;0,481643253;0,482658058;0,470818787;0,529763058;0,49582649;0,49969717
;;;;;;;;;;;;;;;;;;;;;;;;;;France;G0;;;;;;;;;;;;;;;;;;;;;;;;;;;;;;;;;;;;;;;;;;;;;;;;;;;;;;;;;;
CITEPA;https://www.citepa.org/fr/secten/;;Emissions GES;V0;par secteur;V0.2;Transports;V0.2.6;sous-total Transport routier;V0.2.6.1;;;;;;;;;;;;;;;;France;G0;;;;;;;;;;;;;;;;;;;;;;;;;;115,9158132;118,3928932;122,9910665;123,1089491;123,9743187;125,3885527;126,5920903;129,1566881;131,3616903;133,6117082;133,2503048;136,6915967;137,7217996;137,8276258;138,3975623;136,3126636;136,5347433;135,5152579;129,184632;128,7339573;129,8242292;130,7717472;129,1692493;128,930046;128,8491443;130,2568282;130,4774451;130,315312;127,1902365;126,1750199;107,323086;120,4600127;122,3968551
CITEPA;https://www.citepa.org/fr/secten/;;Emissions GES;V0;par secteur;V0.2;Transports;V0.2.6;sous-total Autres transports;V0.2.6.2;;;;;;;;;;;;;;;;France;G0;;;;;;;;;;;;;;;;;;;;;;;;;;7,780647171;8,035950559;7,790501158;7,889824544;7,928299843;8,495231363;9,001002979;9,182790483;9,429353392;9,754185666;9,812768605;9,573601153;9,450607524;8,973581719;8,900675736;8,59275747;8,204612791;8,037637299;7,973528926;7,928209646;7,828568132;7,944728431;8,033116527;7,865050716;7,630638203;7,640083533;7,657139666;7,971813052;8,087179587;8,194999972;6,203054502;7,091376137;8,097554737
;;;;;;;;;;;;;;;;;;;;;;;;;;France;G0;;;;;;;;;;;;;;;;;;;;;;;;;;;;;;;;;;;;;;;;;;;;;;;;;;;;;;;;;;
CITEPA;https://www.citepa.org/fr/secten/;;Emissions GES;V0;par secteur;V0.2;Transports;V0.2.6;sous-total Transport routier;V0.2.6.1;VP;V0.2.6.1.1;;;;;;;;;;;;;;France;G0;;;;;;;;;;;;;;;;;;;;;;;;;;67,74758763;68,35484628;71,11013396;71,13118693;71,03904001;72,38894754;72,97884987;73,60195789;74,9378383;75,9660131;75,99639161;78,63975705;79,31229735;79,86125501;79,46537725;77,9270007;77,91688646;77,56196553;74,44749188;75,11084202;75,14523469;74,78977739;74,29834082;73,96215663;74,49399173;74,85262912;75,56763978;74,32160075;72,18994099;72,07154342;59,18440045;66,42366822;68,25389012
CITEPA;https://www.citepa.org/fr/secten/;;Emissions GES;V0;par secteur;V0.2;Transports;V0.2.6;sous-total Transport routier;V0.2.6.1;VUL;V0.2.6.1.2;;;;;;;;;;;;;;France;G0;;;;;;;;;;;;;;;;;;;;;;;;;;18,49302216;19,36461397;19,92446652;20,20291674;20,45173662;20,30614397;20,6492571;21,3634459;21,64901567;21,73575238;21,0274824;21,45766704;21,50986591;21,51481852;21,17297546;20,82385141;20,85615968;20,44329909;19,1904692;19,38375237;19,95623433;20,33394139;20,17905671;20,33899304;20,0265471;20,59951384;20,18506985;20,49994537;20,03931979;19,85104261;17,19472876;19,63119745;19,7756402
CITEPA;https://www.citepa.org/fr/secten/;;Emissions GES;V0;par secteur;V0.2;Transports;V0.2.6;sous-total Transport routier;V0.2.6.1;PL de marchandises;V0.2.6.1.3;;;;;;;;;;;;;;France;G0;;;;;;;;;;;;;;;;;;;;;;;;;;26,9008496;27,7164603;28,91773538;28,45919779;29,28624903;29,62735704;29,84282118;30,88012339;31,28869516;32,48714221;32,67680815;32,99761971;33,23723289;32,75969672;33,97721759;33,71917534;33,89690326;33,59269938;31,56423973;30,20045898;30,66305237;31,46291183;30,50009346;30,37855279;30,06975949;30,51882344;30,41918976;31,22238107;30,70494721;29,98925973;27,48243898;30,57867311;30,27434182
CITEPA;https://www.citepa.org/fr/secten/;;Emissions GES;V0;par secteur;V0.2;Transports;V0.2.6;sous-total Transport routier;V0.2.6.1;Bus et cars;V0.2.6.1.4;;;;;;;;;;;;;;France;G0;;;;;;;;;;;;;;;;;;;;;;;;;;2,114858637;2,288359578;2,345682063;2,441139085;2,422899825;2,381141382;2,429088563;2,474809129;2,463950654;2,373893399;2,418216869;2,385567057;2,358225438;2,40920208;2,443678748;2,498581224;2,545702077;2,594008841;2,6412201;2,642637217;2,684073973;2,793581514;2,806219514;2,869232004;2,882465669;2,906912116;2,920886474;2,894546332;2,881194487;2,88725901;2,294893809;2,646038916;2,799511307
CITEPA;https://www.citepa.org/fr/secten/;;Emissions GES;V0;par secteur;V0.2;Transports;V0.2.6;sous-total Transport routier;V0.2.6.1;Deux roues;V0.2.6.1.5;;;;;;;;;;;;;;France;G0;;;;;;;;;;;;;;;;;;;;;;;;;;0,659495199;0,668613037;0,693048547;0,874508531;0,774393172;0,684962753;0,69207362;0,836351766;1,022190536;1,048907147;1,131405726;1,210985846;1,304178033;1,282653501;1,338313212;1,344054949;1,319091799;1,323285082;1,341211134;1,396266661;1,3756338;1,391535119;1,385538787;1,381111545;1,376380305;1,37894969;1,384659238;1,376838419;1,374833981;1,375915148;1,166623955;1,180434947;1,293471623
;;;;;;;;;;;;;;;;;;;;;;;;;;France;G0;;;;;;;;;;;;;;;;;;;;;;;;;;;;;;;;;;;;;;;;;;;;;;;;;;;;;;;;;;
CITEPA;https://www.citepa.org/fr/secten/;;Emissions GES;V0;par secteur;V0.2;Transports;V0.2.6;sous-total Transport routier;V0.2.6.1;VP;V0.2.6.1.1;VP diesel;V0.2.6.1.1.1;;;;;;;;;;;;France;G0;;;;;;;;;;;;;;;;;;;;;;;;;;14,82890055;16,58490333;18,49092406;20,30413774;22,25515986;24,98424176;26,952556;28,43078553;30,66953152;32,47857661;34,11653329;37,75472671;40,02689352;42,73877125;44,22881496;45,20065984;47,73389328;49,61120201;49,51206582;51,5347598;53,1617412;54,18708947;55,5923918;56,00932895;56,33309486;56,76944366;56,36451344;54,96580533;51,93850995;50,22934012;40,58577851;43,9910253;43,71880069
CITEPA;https://www.citepa.org/fr/secten/;;Emissions GES;V0;par secteur;V0.2;Transports;V0.2.6;sous-total Transport routier;V0.2.6.1;VP;V0.2.6.1.1;VP essence;V0.2.6.1.1.2;;;;;;;;;;;;France;G0;;;;;;;;;;;;;;;;;;;;;;;;;;52,86493456;51,72707107;52,58174066;50,79521394;48,75685596;47,3833418;45,98696814;45,0870957;44,13305139;43,30546271;41,49608911;40,66845985;39,08187693;36,98376303;35,10987568;32,56060204;30,02601473;27,82277274;24,82270669;23,47456196;21,8653587;20,42357317;18,56126761;17,82031929;18,07500151;18,00791971;19,1383672;19,30281209;20,2071726;21,80459072;18,57411716;22,38458755;24,49109171
CITEPA;https://www.citepa.org/fr/secten/;;Emissions GES;V0;par secteur;V0.2;Transports;V0.2.6;sous-total Transport routier;V0.2.6.1;VP;V0.2.6.1.1;VP GPL;V0.2.6.1.1.3;;;;;;;;;;;;France;G0;;;;;;;;;;;;;;;;;;;;;;;;;;0,053684345;0,042806373;0,037404329;0,031425064;0,026816871;0,021259492;0,039211952;0,083992485;0,135179001;0,181903994;0,383459373;0,21524826;0,200794735;0,136630863;0,124435727;0,161361225;0,151522663;0,123779602;0,107778138;0,09679897;0,113309837;0,163717807;0,128278702;0,114846118;0,076632048;0,0662601;0,058514231;0,048790861;0,040879427;0,03436704;0,021919794;0,042627768;0,038735338
CITEPA;https://www.citepa.org/fr/secten/;;Emissions GES;V0;par secteur;V0.2;Transports;V0.2.6;sous-total Transport routier;V0.2.6.1;VP;V0.2.6.1.1;VP GNV;V0.2.6.1.1.4;;;;;;;;;;;;France;G0;;;;;;;;;;;;;;;;;;;;;;;;;;6,82E-05;6,55E-05;6,49E-05;0,000410181;0,000207324;0,000104486;0,000113779;8,42E-05;7,64E-05;6,98E-05;0,000309843;0,001322228;0,002732158;0,002089871;0,002250882;0,004377588;0,005455792;0,00421118;0,00494122;0,00472129;0,004824953;0,015396944;0,016402706;0,01766228;0,009263311;0,009005645;0,006244909;0,00419247;0,003379021;0,003245551;0,00258499;0,0054276;0,005262379
CITEPA;https://www.citepa.org/fr/secten/;;Emissions GES;V0;par secteur;V0.2;Transports;V0.2.6;sous-total Transport routier;V0.2.6.1;VP;V0.2.6.1.1;VP électriques;V0.2.6.1.1.5;;;;;;;;;;;;France;G0;;;;;;;;;;;;;;;;;;;;;;;;;;0;0;0;0;0;0;0;0;0;0;0;0;0;0;0;0;0;0;0;0;0;0;0;0;0;0;0;0;0;0;0;0;0
;;;;;;;;;;;;;;;;;;;;;;;;;;France;G0;;;;;;;;;;;;;;;;;;;;;;;;;;;;;;;;;;;;;;;;;;;;;;;;;;;;;;;;;;
CITEPA;https://www.citepa.org/fr/secten/;;Emissions GES;V0;par secteur;V0.2;Transports;V0.2.6;sous-total Transport routier;V0.2.6.1;VUL;V0.2.6.1.2;VUL diesel;V0.2.6.1.2.1;;;;;;;;;;;;France;G0;;;;;;;;;;;;;;;;;;;;;;;;;;11,15797365;12,42636874;13,6322185;14,71634869;15,23216741;15,79889808;16,26932792;16,99141332;17,2531508;17,37038123;17,36466992;17,75406448;18,0393653;18,2207;17,93362797;17,77674562;17,50697222;17,00418094;16,25214051;16,30907506;16,91108826;17,33294618;17,00498326;17,19166865;17,26417851;17,55826431;17,79814676;17,68629359;17,46306057;17,2215541;14,92075394;16,84368715;16,74818202
CITEPA;https://www.citepa.org/fr/secten/;;Emissions GES;V0;par secteur;V0.2;Transports;V0.2.6;sous-total Transport routier;V0.2.6.1;VUL;V0.2.6.1.2;VUL essence;V0.2.6.1.2.2;;;;;;;;;;;;France;G0;;;;;;;;;;;;;;;;;;;;;;;;;;7,237059599;6,838449864;6,208258358;5,410698914;5,151637456;4,449038222;4,281449007;4,180916169;4,058112913;3,912244716;3,373457199;3,261965496;3,076696456;2,903499356;2,87918564;2,759387193;3,074832319;3,174941587;2,675687252;2,840485697;2,774118298;2,730521964;2,895223841;2,896398231;2,517279522;2,820550318;2,193321605;2,644080254;2,422291012;2,486208793;2,173616186;2,660772716;2,911198932
CITEPA;https://www.citepa.org/fr/secten/;;Emissions GES;V0;par secteur;V0.2;Transports;V0.2.6;sous-total Transport routier;V0.2.6.1;VUL;V0.2.6.1.2;VUL GPL;V0.2.6.1.2.3;;;;;;;;;;;;France;G0;;;;;;;;;;;;;;;;;;;;;;;;;;0,097845325;0,099617758;0,083819432;0,074695735;0,067288901;0,05784342;0,098102585;0,190860541;0,337491177;0,452886947;0,289029881;0,437829684;0,386345992;0,382357563;0,351191583;0,277013403;0,261512332;0,252864688;0,248411675;0,221251106;0,257960747;0,244238274;0,244141953;0,215238101;0,217609628;0,193646153;0,174730556;0,156104436;0,142259105;0,130961289;0,089803187;0,112495101;0,102527631
CITEPA;https://www.citepa.org/fr/secten/;;Emissions GES;V0;par secteur;V0.2;Transports;V0.2.6;sous-total Transport routier;V0.2.6.1;VUL;V0.2.6.1.2;VUL GNV;V0.2.6.1.2.4;;;;;;;;;;;;France;G0;;;;;;;;;;;;;;;;;;;;;;;;;;0,000143587;0,0001776;0,000170229;0,001173397;0,000642855;0,000364249;0,000377581;0,000255875;0,000260782;0,000239485;0,0003254;0,003807384;0,007458163;0,008261603;0,008970261;0,010705189;0,012842807;0,011311869;0,014229766;0,012940508;0,013067032;0,026234971;0,034707662;0,035688067;0,027479442;0,027053056;0,018870922;0,013467091;0,011709109;0,012318435;0,010555443;0,014242488;0,013731618
CITEPA;https://www.citepa.org/fr/secten/;;Emissions GES;V0;par secteur;V0.2;Transports;V0.2.6;sous-total Transport routier;V0.2.6.1;VUL;V0.2.6.1.2;VUL électriques;V0.2.6.1.2.5;;;;;;;;;;;;France;G0;;;;;;;;;;;;;;;;;;;;;;;;;;0;0;0;0;0;0;0;0;0;0;0;0;0;0;0;0;0;0;0;0;0;0;0;0;0;0;0;0;0;0;0;0;0
;;;;;;;;;;;;;;;;;;;;;;;;;;France;G0;;;;;;;;;;;;;;;;;;;;;;;;;;;;;;;;;;;;;;;;;;;;;;;;;;;;;;;;;;
CITEPA;https://www.citepa.org/fr/secten/;;Emissions GES;V0;par secteur;V0.2;Transports;V0.2.6;sous-total Transport routier;V0.2.6.1;PL de marchandises;V0.2.6.1.3;PL de marchandises diesel;V0.2.6.1.3.1;;;;;;;;;;;;France;G0;;;;;;;;;;;;;;;;;;;;;;;;;;26,9008496;27,7164603;28,91773538;28,45919779;29,28624903;29,62735704;29,84282118;30,88012339;31,28869516;32,48714221;32,67680815;32,99761971;33,23723289;32,75969672;33,97721759;33,71917534;33,89690326;33,59269938;31,56423973;30,20045898;30,66305237;31,46291183;30,50009346;30,37855279;30,06975949;30,51882344;30,41918976;31,22238107;30,70494721;29,98925973;27,48243898;30,57867311;30,27434182
CITEPA;https://www.citepa.org/fr/secten/;;Emissions GES;V0;par secteur;V0.2;Transports;V0.2.6;sous-total Transport routier;V0.2.6.1;PL de marchandises;V0.2.6.1.3;PL de marchandises essence;V0.2.6.1.3.2;;;;;;;;;;;;France;G0;;;;;;;;;;;;;;;;;;;;;;;;;;0;0;0;0;0;0;0;0;0;0;0;0;0;0;0;0;0;0;0;0;0;0;0;0;0;0;0;0;0;0;0;0;0
CITEPA;https://www.citepa.org/fr/secten/;;Emissions GES;V0;par secteur;V0.2;Transports;V0.2.6;sous-total Transport routier;V0.2.6.1;PL de marchandises;V0.2.6.1.3;PL de marchandises GNV;V0.2.6.1.3.3;;;;;;;;;;;;France;G0;;;;;;;;;;;;;;;;;;;;;;;;;;0;0;0;0;0;0;0;0;0;0;0;0;0;0;0;0;0;0;0;0;0;0;0;0;0;0;0;0;0;0;0;0;0
CITEPA;https://www.citepa.org/fr/secten/;;Emissions GES;V0;par secteur;V0.2;Transports;V0.2.6;sous-total Transport routier;V0.2.6.1;PL de marchandises;V0.2.6.1.3;PL de marchandises électriques;V0.2.6.1.3.4;;;;;;;;;;;;France;G0;;;;;;;;;;;;;;;;;;;;;;;;;;0;0;0;0;0;0;0;0;0;0;0;0;0;0;0;0;0;0;0;0;0;0;0;0;0;0;0;0;0;0;0;0;0
;;;;;;;;;;;;;;;;;;;;;;;;;;France;G0;;;;;;;;;;;;;;;;;;;;;;;;;;;;;;;;;;;;;;;;;;;;;;;;;;;;;;;;;;
CITEPA;https://www.citepa.org/fr/secten/;;Emissions GES;V0;par secteur;V0.2;Transports;V0.2.6;sous-total Transport routier;V0.2.6.1;Bus et cars;V0.2.6.1.4;Bus et cars diesel;V0.2.6.1.4.1;;;;;;;;;;;;France;G0;;;;;;;;;;;;;;;;;;;;;;;;;;2,111863772;2,285368093;2,342691696;2,436346989;2,418805725;2,377455612;2,425485682;2,471358646;2,460334946;2,369562225;2,412548139;2,362781152;2,335772457;2,377385049;2,40879757;2,463323304;2,499273702;2,538642818;2,575168338;2,57638392;2,614284227;2,638518795;2,637456116;2,676798217;2,655562725;2,666034427;2,653979304;2,594402053;2,523753198;2,451326153;1,767500648;1,925703167;2,089701215
CITEPA;https://www.citepa.org/fr/secten/;;Emissions GES;V0;par secteur;V0.2;Transports;V0.2.6;sous-total Transport routier;V0.2.6.1;Bus et cars;V0.2.6.1.4;Bus et cars essence;V0.2.6.1.4.2;;;;;;;;;;;;France;G0;;;;;;;;;;;;;;;;;;;;;;;;;;0,002701682;0,002708356;0,002706044;0,00270511;0,002874701;0,002891734;0,002822052;0,002836136;0,003006757;0,003715144;0,004374983;0,004581508;0,00421466;0,003979258;0,003535071;0,003091488;0,003264273;0,003133226;0,002635268;0,002530323;0,00213875;0,00175381;0,001656867;0,001699259;0,0014677;0,001684075;0,001653892;0,001633903;0,001670863;0,001047424;0,001165133;0,001202527;0,001310826
CITEPA;https://www.citepa.org/fr/secten/;;Emissions GES;V0;par secteur;V0.2;Transports;V0.2.6;sous-total Transport routier;V0.2.6.1;Bus et cars;V0.2.6.1.4;Bus et cars GNV;V0.2.6.1.4.3;;;;;;;;;;;;France;G0;;;;;;;;;;;;;;;;;;;;;;;;;;0,000293183;0,000283129;0,000284323;0,002086986;0,001219399;0,000794037;0,00078083;0,000614347;0,000608951;0,00061603;0,001293747;0,018204397;0,018238321;0,027837773;0,031346107;0,032166432;0,043164101;0,052232797;0,063416495;0,063722973;0,067650996;0,153308909;0,167106531;0,190734527;0,225435244;0,239193614;0,265253278;0,298510376;0,355770427;0,434885433;0,526228028;0,719133222;0,708499267
CITEPA;https://www.citepa.org/fr/secten/;;Emissions GES;V0;par secteur;V0.2;Transports;V0.2.6;sous-total Transport routier;V0.2.6.1;Bus et cars;V0.2.6.1.4;Bus et cars électriques;V0.2.6.1.4.4;;;;;;;;;;;;France;G0;;;;;;;;;;;;;;;;;;;;;;;;;;0;0;0;0;0;0;0;0;0;0;0;0;0;0;0;0;0;0;0;0;0;0;0;0;0;0;0;0;0;0;0;0;0
;;;;;;;;;;;;;;;;;;;;;;;;;;France;G0;;;;;;;;;;;;;;;;;;;;;;;;;;;;;;;;;;;;;;;;;;;;;;;;;;;;;;;;;;
CITEPA;https://www.citepa.org/fr/secten/;;Emissions GES;V0;par secteur;V0.2;Transports;V0.2.6;sous-total Transport routier;V0.2.6.1;Deux roues;V0.2.6.1.5;Deux roues essence;V0.2.6.1.5.1;;;;;;;;;;;;France;G0;;;;;;;;;;;;;;;;;;;;;;;;;;0,659495199;0,668613037;0,687303138;0,85875366;0,750667616;0,653177573;0,652823183;0,789806001;0,970541654;0,99357565;1,074714325;1,153133696;1,246068633;1,22542301;1,2825626;1,288458486;1,260890073;1,260983184;1,273535059;1,321794737;1,293405356;1,303535767;1,29208191;1,28927418;1,28951712;1,294391929;1,303274825;1,294849823;1,291535379;1,292087187;1,083219166;1,096384859;1,209812931
CITEPA;https://www.citepa.org/fr/secten/;;Emissions GES;V0;par secteur;V0.2;Transports;V0.2.6;sous-total Transport routier;V0.2.6.1;Deux roues;V0.2.6.1.5;Deux roues diesel;V0.2.6.1.5.2;;;;;;;;;;;;France;G0;;;;;;;;;;;;;;;;;;;;;;;;;;0;0;0,005745409;0,015754871;0,023725556;0,03178518;0,039250437;0,046545766;0,051648882;0,055331496;0,056691401;0,05785215;0,0581094;0,057230491;0,055750613;0,055596463;0,058201726;0,062301898;0,067676075;0,074471924;0,082228444;0,087999353;0,093456877;0,091837365;0,086863185;0,084557761;0,081384413;0,081988596;0,083298602;0,083827961;0,083404789;0,084050088;0,083658692
CITEPA;https://www.citepa.org/fr/secten/;;Emissions GES;V0;par secteur;V0.2;Transports;V0.2.6;sous-total Transport routier;V0.2.6.1;Deux roues;V0.2.6.1.5;Deux roues électriques;V0.2.6.1.5.3;;;;;;;;;;;;France;G0;;;;;;;;;;;;;;;;;;;;;;;;;;0;0;0;0;0;0;0;0;0;0;0;0;0;0;0;0;0;0;0;0;0;0;0;0;0;0;0;0;0;0;0;0;0
;;;;;;;;;;;;;;;;;;;;;;;;;;France;G0;;;;;;;;;;;;;;;;;;;;;;;;;;;;;;;;;;;;;;;;;;;;;;;;;;;;;;;;;;
CITEPA;https://www.citepa.org/fr/secten/;;Emissions GES;V0;par secteur;V0.2;Transports;V0.2.6;sous-total Autres transports;V0.2.6.2;Transport ferroviaire;V0.2.6.2.1;;;;;;;;;;;;;;France;G0;;;;;;;;;;;;;;;;;;;;;;;;;;1,093976556;1,059687739;1,009070913;0,933689941;0,867017241;0,828374288;0,802249475;0,794629737;0,756258918;0,764065934;0,781742311;0,747535161;0,772980836;0,743719695;0,735923799;0,670954943;0,649616541;0,614680532;0,62577558;0,574763265;0,549368517;0,562587511;0,542673161;0,538133998;0,465527146;0,514668598;0,435619115;0,456836058;0,410159044;0,409600262;0,348265491;0,389060205;0,383739919
CITEPA;https://www.citepa.org/fr/secten/;;Emissions GES;V0;par secteur;V0.2;Transports;V0.2.6;sous-total Autres transports;V0.2.6.2;Transport fluvial de marchandises;V0.2.6.2.2;;;;;;;;;;;;;;France;G0;;;;;;;;;;;;;;;;;;;;;;;;;;0,127923857;0,141320448;0,14802314;0,095536116;0,097159784;0,096414031;0,098191112;0,094098145;0,103418132;0,122501364;0,123061097;0,1064081;0,115118176;0,118228541;0,122008906;0,135568768;0,13531276;0,127171756;0,129662254;0,138189725;0,144523496;0,139173842;0,132515336;0,132404374;0,127149512;0,12139037;0,109815989;0,103780065;0,109933358;0,120628132;0,111319594;0,11789065;0,120989719
CITEPA;https://www.citepa.org/fr/secten/;;Emissions GES;V0;par secteur;V0.2;Transports;V0.2.6;sous-total Autres transports;V0.2.6.2;Transport maritime domestique;V0.2.6.2.3;;;;;;;;;;;;;;France;G0;;;;;;;;;;;;;;;;;;;;;;;;;;1,731489049;1,888010149;1,72250981;1,926074981;1,834948331;1,778580031;1,741089378;1,773388157;1,805944197;1,924430825;1,859056173;1,984708985;1,956501302;2,004233389;1,857967479;1,825988018;1,698736605;1,637860124;1,572013334;1,612056646;1,574191533;1,646323602;1,683052907;1,575342975;1,596340457;1,569810012;1,52715687;1,676547605;1,590967536;1,601945778;1,626685147;1,745502028;1,718473241
CITEPA;https://www.citepa.org/fr/secten/;;Emissions GES;V0;par secteur;V0.2;Transports;V0.2.6;sous-total Autres transports;V0.2.6.2;Transport autres navigations;V0.2.6.2.4;;;;;;;;;;;;;;France;G0;;;;;;;;;;;;;;;;;;;;;;;;;;0,665266526;0,684348488;0,703840164;0,736895756;0,752551075;0,790291486;0,80957813;0,832577578;0,888480622;0,910037305;0,846503565;0,906504276;0,972788436;0,988684985;1,011675214;0,961255826;0,956271246;0,972934827;0,941743176;0,957411862;0,966550255;0,955279507;1,011058315;1,019242459;1,023637485;1,026037399;1,033807888;1,031992459;1,033124144;1,046184626;1,041759428;1,042332999;1,133182694
CITEPA;https://www.citepa.org/fr/secten/;;Emissions GES;V0;par secteur;V0.2;Transports;V0.2.6;sous-total Autres transports;V0.2.6.2;Transport aérien français;V0.2.6.2.5;;;;;;;;;;;;;;France;G0;;;;;;;;;;;;;;;;;;;;;;;;;;4,161991182;4,262583736;4,20705713;4,197627751;4,376623412;5,001571527;5,549894885;5,688096865;5,875251523;6,033150239;6,202405459;5,82844463;5,633218774;5,118715109;5,173100338;4,998989914;4,764675638;4,684990059;4,704334583;4,645788148;4,593934331;4,64136397;4,663816808;4,599926909;4,417983603;4,408177154;4,550739804;4,702656864;4,942995505;5,016641174;3,075024843;3,796590254;4,741169164
;;;;;;;;;;;;;;;;;;;;;;;;;;France;G0;;;;;;;;;;;;;;;;;;;;;;;;;;;;;;;;;;;;;;;;;;;;;;;;;;;;;;;;;;
CITEPA;https://www.citepa.org/fr/secten/;;Emissions GES;V0;par secteur;V0.2;UTCATF;V0.2.7;Forêts;V0.2.7.1;;;;;;;;;;;;;;;;France;G0;;;;;;;;;;;;;;;;;;;;;;;;;;-36,17220247;-37,78466616;-37,66740955;-42,50485513;-42,84216996;-45,08474316;-51,94419801;-51,29935335;-52,18890637;-55,22055854;-35,8571771;-49,581559;-59,37335231;-62,43865044;-64,78906472;-65,39407245;-66,83457381;-69,05478993;-70,42297224;-62,13412035;-61,29709117;-61,13287444;-62,75805083;-71,60559824;-60,07725634;-56,35105546;-46,99664121;-36,1963798;-31,41848503;-28,76181208;-31,57812483;-27,7331406;-27,59682722
CITEPA;https://www.citepa.org/fr/secten/;;Emissions GES;V0;par secteur;V0.2;UTCATF;V0.2.7;Terres cultivées;V0.2.7.2;;;;;;;;;;;;;;;;France;G0;;;;;;;;;;;;;;;;;;;;;;;;;;25,70345693;23,88695664;23,10050575;22,4460605;21,62659809;19,93685883;18,6606214;17,09785135;16,16494642;14,46907966;12,50209409;10,79511273;9,391741269;8,276414226;9,550966504;10,79098767;13,49219254;15,75790514;17,49150696;17,44664894;16,06652313;14,95091275;12,81333604;13,54611483;11,80550314;11,89332284;9,634952323;9,312135279;8,353256566;7,32765541;6,843186549;7,66759612;7,66759612
CITEPA;https://www.citepa.org/fr/secten/;;Emissions GES;V0;par secteur;V0.2;UTCATF;V0.2.7;Prairies;V0.2.7.3;;;;;;;;;;;;;;;;France;G0;;;;;;;;;;;;;;;;;;;;;;;;;;-6,896384436;-4,413175008;-3,979016735;-3,212004694;-2,429988925;-1,186961329;-0,008131293;0,563608018;1,009307706;1,585216142;1,868465457;1,989315076;1,870718936;1,279205312;1,105593717;0,856287314;0,767376405;2,241287269;1,77906569;1,855212203;1,590131762;1,753025398;0,583064013;6,949766286;2,184039779;2,044233094;1,746961731;1,079683168;-1,316667648;-1,516707563;-1,34002838;-1,344794378;-1,344794378
CITEPA;https://www.citepa.org/fr/secten/;;Emissions GES;V0;par secteur;V0.2;UTCATF;V0.2.7;Zones humides;V0.2.7.4;;;;;;;;;;;;;;;;France;G0;;;;;;;;;;;;;;;;;;;;;;;;;;0,298701426;0,315709036;0,322222864;0,328676134;0,336030243;0,341761814;0,349902853;0,361951622;0,368670317;0,379282633;0,375034567;0,3784541;0,380486138;0,392652412;0,402784219;0,405656001;0,40009555;0,432848995;0,430549044;0,459964579;0,467278395;0,466432028;0,453277079;0,612926474;0,61076418;0,658642642;0,647134524;0,650060275;0,608311838;0,577065035;0,54884498;0,521899053;0,521899053
CITEPA;https://www.citepa.org/fr/secten/;;Emissions GES;V0;par secteur;V0.2;UTCATF;V0.2.7;Zones artificialisées;V0.2.7.5;;;;;;;;;;;;;;;;France;G0;;;;;;;;;;;;;;;;;;;;;;;;;;5,090574155;5,616178006;6,111434396;5,693551683;5,092282577;4,581752787;4,596697952;4,573367453;4,527791976;4,54290825;3,998894371;5,606911315;6,07805021;6,204450749;6,179865054;6,018563619;5,030616747;6,180921203;5,748207605;5,366662211;5,143990527;4,896141129;4,330465112;6,792718329;5,988452105;5,800484329;5,499267537;5,276729548;4,741161347;4,506825303;4,579257125;4,829325685;4,829325685
CITEPA;https://www.citepa.org/fr/secten/;;Emissions GES;V0;par secteur;V0.2;UTCATF;V0.2.7;Autres terres;V0.2.7.6;;;;;;;;;;;;;;;;France;G0;;;;;;;;;;;;;;;;;;;;;;;;;;0,095842595;0,095691915;0,094166873;0,093332465;0,091537945;0,096246163;0,096313058;0,099291722;0,102545305;0,103839597;0,103609456;0,10794083;0,106714103;0,107164994;0,107570072;0,106248823;0,104496022;0,106559356;0,103046255;0,102468444;0,103983559;0,102090815;0,10032219;0,115723123;0,115287186;0,107725318;0,101855487;0,096554077;0,09656334;0,093442773;0,092942536;0,092768031;0,092768031
CITEPA;https://www.citepa.org/fr/secten/;;Emissions GES;V0;par secteur;V0.2;UTCATF;V0.2.7;Produits bois;V0.2.7.7;;;;;;;;;;;;;;;;France;G0;;;;;;;;;;;;;;;;;;;;;;;;;;-5,239614461;-4,964015143;-3,000370255;-1,818697335;-2,710063731;-3,090239209;-2,558824401;-3,17437911;-3,729603309;-3,881652582;-4,494636277;-4,18738521;-3,076924196;-2,951940477;-3,587580873;-4,147510102;-4,296416738;-4,746923712;-3,503363578;-1,395982278;-3,21129796;-3,891721099;-2,766751976;-2,223573571;-2,057745552;-1,483843367;-1,132731336;-1,11589669;-1,01319132;-0,743711851;-1,052103263;-1,36794272;-1,36794272
CITEPA;https://www.citepa.org/fr/secten/;;Emissions GES;V0;par secteur;V0.2;UTCATF;V0.2.7;Barrages;V0.2.7.8;;;;;;;;;;;;;;;;France;G0;;;;;;;;;;;;;;;;;;;;;;;;;;0;0;0;0;3,766426667;4,238737;3,296358;2,596724333;2,074157;1,681189667;1,383484667;1,156096667;0,980934667;0,844694;0,737785333;0,653069667;0,585287333;0,530524333;0,485932667;0,449260333;0,418903333;0,393566667;0,372316333;0,354381667;0,339133333;0,326146333;0,315047667;0,305538333;0,297337667;0,290272667;0,284170333;0,27916;0,27916
;;;;;;;;;;;;;;;;;;;;;;;;;;France;G0;;;;;;;;;;;;;;;;;;;;;;;;;;;;;;;;;;;;;;;;;;;;;;;;;;;;;;;;;;
CITEPA;https://www.citepa.org/fr/secten/;;Emissions GES;V0;par secteur;V0.2;Hors total;V0.2.8;Transports;V0.2.8.1;;;;;;;;;;;;;;;;France;G0;;;;;;;;;;;;;;;;;;;;;;;;;;16,91389387;16,86401333;18,06063608;18,11690363;17,66732345;17,93494421;18,99941774;20,07382663;21,66946342;23,10372308;23,90572402;22,55147306;22,39653253;23,20891267;25,42160456;24,83201712;26,05426409;26,93109114;25,92076491;24,47725551;24,31968595;25,73534876;24,83476957;24,01582932;23,11359704;23,38968985;22,80393288;23,39537021;24,67768267;24,7881545;11,46195351;11,99620576;15,34996018
CITEPA;https://www.citepa.org/fr/secten/;;Emissions GES;V0;par secteur;V0.2;Hors total;V0.2.8;Emissions naturelles;V0.2.8.2;;;;;;;;;;;;;;;;France;G0;;;;;;;;;;;;;;;;;;;;;;;;;;3,260114963;3,278968924;3,378075643;3,293268986;3,334383438;3,339360629;3,344145102;3,379821772;3,517638223;3,547993722;3,689616016;3,717858142;4,37369105;3,604617287;3,512929907;3,553259826;3,706149717;3,74443745;3,814844732;3,885167157;3,91769835;3,761001639;3,789457625;3,801835575;3,846838435;3,85117428;3,877969565;3,883369534;3,932994261;3,990577441;3,922769845;3,899573265;3,899573265
;;;;;;;;;;;;;;;;;;;;;;;;;;France;G0;;;;;;;;;;;;;;;;;;;;;;;;;;;;;;;;;;;;;;;;;;;;;;;;;;;;;;;;;;
CITEPA;https://www.citepa.org/fr/secten/;;Emissions GES;V0;par secteur;V0.2;Hors total;V0.2.8;Transports;V0.2.8.1;Transport fluvial international - hors total national;V0.2.8.1.1;;;;;;;;;;;;;;France;G0;;;;;;;;;;;;;;;;;;;;;;;;;;0,086851515;0,083071732;0,092397053;0,067949616;0,075942755;0,083099713;0,07811703;0,075798792;0,082506818;0,081239945;0,092719301;0,092403918;0,089628144;0,084327147;0,092349282;0,093963181;0,096277432;0,091965687;0,087687141;0,076274487;0,087751554;0,079057497;0,076650239;0,078522295;0,077594893;0,07512121;0,070215838;0,07204112;0,064672812;0,070800075;0,058485101;0,057664186;0,059180042
CITEPA;https://www.citepa.org/fr/secten/;;Emissions GES;V0;par secteur;V0.2;Hors total;V0.2.8;Transports;V0.2.8.1;Transport maritime international - hors total national;V0.2.8.1.2;;;;;;;;;;;;;;France;G0;;;;;;;;;;;;;;;;;;;;;;;;;;7,948906338;8,250461459;7,987965254;7,750177862;6,898978676;7,110864239;7,476659028;8,212582196;9,062367953;9,165797623;9,465139728;8,007690655;7,755248344;8,412841507;9,60223916;8,771359638;9,122359105;9,369363615;8,150948903;8,156756624;7,907525525;8,484315816;8,015840534;7,305130658;6,219083406;5,531454675;5,252080117;5,564552623;6,285312929;5,518594145;3,092438127;3,519429041;3,824513562
CITEPA;https://www.citepa.org/fr/secten/;;Emissions GES;V0;par secteur;V0.2;Hors total;V0.2.8;Transports;V0.2.8.1;Transport aérien international - hors total national;V0.2.8.1.3;;;;;;;;;;;;;;France;G0;;;;;;;;;;;;;;;;;;;;;;;;;;8,87746822;8,529338851;9,979298171;10,29783875;10,69154;10,7396502;11,4431926;11,7836779;12,52307409;13,85530131;14,3459106;14,45005531;14,54975975;14,71093163;15,72637433;15,96562465;16,8345579;17,46847826;17,68084529;16,24272689;16,32312529;17,17075901;16,74057935;16,63111871;16,81528644;17,78144476;17,47988233;17,75718065;18,32608287;19,19762923;8,310186555;8,418231909;11,46538595
CITEPA;https://www.citepa.org/fr/secten/;;Emissions GES;V0;par secteur;V0.2;Hors total;V0.2.8;Transports;V0.2.8.1;Autres engins hors total national;V0.2.8.1.4;;;;;;;;;;;;;;France;G0;;;;;;;;;;;;;;;;;;;;;;;;;;0,0006678;0,00114129;0,0009756;0,000937395;0,00086202;0,001330065;0,00144909;0,001767735;0,001514565;0,0013842;0,001954395;0,00132318;0,0018963;0,000812385;0,00064179;0,00106965;0,00106965;0,00128358;0,00128358;0,00149751;0,00128358;0,00121644;0,001699448;0,001057658;0,001632308;0,001669208;0,001754595;0,001595813;0,00161406;0,001131053;0,000843728;0,000880628;0,000880628
;;;;;;;;;;;;;;;;;;;;;;;;;;France;G0;;;;;;;;;;;;;;;;;;;;;;;;;;;;;;;;;;;;;;;;;;;;;;;;;;;;;;;;;;
CITEPA;https://www.citepa.org/fr/secten/;;Emissions GES;V0;par secteur;V0.2;Hors total;V0.2.8;Emissions naturelles;V0.2.8.2;Végétation (dont polluants des feux de forêt);V0.2.8.2.1;;;;;;;;;;;;;;France;G0;;;;;;;;;;;;;;;;;;;;;;;;;;0;0;0;0;0;0;0;0;0;0;0;0;0;0;0;0;0;0;0;0;0;0;0;0;0;0;0;0;0;0;0;0;0
CITEPA;https://www.citepa.org/fr/secten/;;Emissions GES;V0;par secteur;V0.2;Hors total;V0.2.8;Emissions naturelles;V0.2.8.2;Eaux;V0.2.8.2.2;;;;;;;;;;;;;;France;G0;;;;;;;;;;;;;;;;;;;;;;;;;;3,236918383;3,255772344;3,24459326;3,293268986;3,334383438;3,339360629;3,344145102;3,379821772;3,384155839;3,414511338;3,422651249;3,450893375;3,472097722;3,477041204;3,483827027;3,510768895;3,625238421;3,687964134;3,7101124;3,746149049;3,761001639;3,761001639;3,789457625;3,801835575;3,823641856;3,827977701;3,831576405;3,836976374;3,840207942;3,851397963;3,853180106;3,853180106;3,853180106
CITEPA;https://www.citepa.org/fr/secten/;;Emissions GES;V0;par secteur;V0.2;Hors total;V0.2.8;Emissions naturelles;V0.2.8.2;Autres émissions naturelles (volcans, foudre…);V0.2.8.2.3;;;;;;;;;;;;;;France;G0;;;;;;;;;;;;;;;;;;;;;;;;;;0,02319658;0,02319658;0,133482383;0;0;0;0;0;0,133482383;0,133482383;0,266964767;0,266964767;0,901593327;0,127576083;0,02910288;0,042490931;0,080911296;0,056473316;0,104732332;0,139018108;0,156696711;0;0;0;0,02319658;0,02319658;0,046393159;0,046393159;0,092786319;0,139179478;0,069589739;0,046393159;0,046393159
